country,year,iso_code,population,gdp,biofuel_electricity,biofuel_share_elec,coal_electricity,coal_share_elec,gas_electricity,gas_share_elec,hydro_electricity,hydro_share_elec,nuclear_electricity,nuclear_share_elec,oil_electricity,oil_share_elec,solar_electricity,solar_share_elec,wind_electricity,wind_share_elec
Argentina,2000,ARG,37070772,5.36E+11,0.39,0.438,1.78,2,48.88,54.934,28.58,32.12,6.18,6.945,3.14,3.529,0,0,0.03,0.034
Argentina,2001,ARG,37480492,5.15E+11,0.36,0.399,1.36,1.509,43.26,47.992,36.58,40.581,7.06,7.832,1.47,1.631,0,0,0.05,0.055
Argentina,2002,ARG,37885024,4.61E+11,0.53,0.627,0.81,0.958,40.71,48.126,35.78,42.298,5.82,6.88,0.87,1.028,0,0,0.07,0.083
Argentina,2003,ARG,38278164,5.03E+11,0.88,0.956,0.94,1.021,47.75,51.863,33.8,36.711,7.57,8.222,1.05,1.14,0,0,0.08,0.087
Argentina,2004,ARG,38668796,5.5E+11,0.87,0.868,1.68,1.676,55.21,55.067,30.46,30.381,7.87,7.85,4.1,4.089,0,0,0.07,0.07
Argentina,2005,ARG,39070504,6.01E+11,0.92,0.87,2.18,2.061,55.7,52.671,34.22,32.359,6.87,6.496,5.79,5.475,0,0,0.07,0.066
Argentina,2006,ARG,39476856,6.52E+11,1.05,0.926,1.99,1.754,56.4,49.722,38.02,33.518,7.72,6.806,8.18,7.211,0,0,0.07,0.062
Argentina,2007,ARG,39876116,7.15E+11,1.07,0.943,2.34,2.061,60.18,53.013,31.22,27.502,7.25,6.387,11.4,10.042,0,0,0.06,0.053
Argentina,2008,ARG,40273768,7.47E+11,1.21,0.993,1.94,1.591,65.41,53.654,31.2,25.593,7.39,6.062,14.72,12.074,0,0,0.04,0.033
Argentina,2009,ARG,40684344,7.06E+11,1.19,0.973,1.75,1.431,61.7,50.441,34.62,28.303,8.18,6.687,14.84,12.132,0,0,0.04,0.033
Argentina,2010,ARG,41100124,7.86E+11,1.38,1.095,3.01,2.389,63.81,50.643,33.36,26.476,7.21,5.722,17.2,13.651,0,0,0.03,0.024
Argentina,2011,ARG,41520736,8.38E+11,1.39,1.073,2.91,2.247,67.86,52.406,31.19,24.087,6.4,4.942,19.71,15.221,0,0,0.03,0.023
Argentina,2012,ARG,41952364,8.29E+11,1.45,1.066,2.64,1.941,76.23,56.043,29.16,21.438,6.4,4.705,19.76,14.527,0.01,0.007,0.37,0.272
Argentina,2013,ARG,42388268,8.49E+11,1.53,1.097,2.38,1.707,74.7,53.568,32.77,23.499,6.21,4.453,21.39,15.339,0.02,0.014,0.45,0.323
Argentina,2014,ARG,42824064,8.28E+11,1.48,1.068,2.54,1.833,76.16,54.973,32.42,23.401,5.51,3.977,19.79,14.285,0.02,0.014,0.62,0.448
Argentina,2015,ARG,43257064,8.5E+11,1.49,1.025,2.39,1.644,79.11,54.401,32.34,22.239,7.04,4.841,22.45,15.438,0.01,0.007,0.59,0.406
Argentina,2016,ARG,43668236,8.33E+11,1.18,0.802,1.93,1.311,84.28,57.263,29.75,20.213,8.28,5.626,21.2,14.404,0.01,0.007,0.55,0.374
Argentina,2017,ARG,44054616,8.56E+11,1.46,1.003,2.01,1.38,91.21,62.64,31.59,21.695,6.09,4.182,12.62,8.667,0.02,0.014,0.61,0.419
Argentina,2018,ARG,44413592,8.34E+11,1.42,0.967,2.03,1.383,95.35,64.961,32.28,21.992,6.87,4.68,7.31,4.98,0.11,0.075,1.41,0.961
Argentina,2019,ARG,44745516,8.17E+11,1.48,1.061,1.17,0.839,91.31,65.441,27.5,19.709,8.44,6.049,3.83,2.745,0.8,0.573,5,3.583
Argentina,2020,ARG,45036032,7.36E+11,2.2,1.521,1.64,1.134,88.72,61.338,23.67,16.365,10.01,6.921,7.65,5.289,1.34,0.926,9.41,6.506
Argentina,2021,ARG,45276788,8.12E+11,2.25,1.469,2.38,1.554,89.93,58.72,19.65,12.831,10.17,6.641,13.63,8.9,2.2,1.437,12.94,8.449
Argentina,2022,ARG,45510324,8.55E+11,2.34,1.551,2.14,1.419,80.42,53.318,23.89,15.839,7.47,4.953,17.47,11.583,2.94,1.949,14.16,9.388
Australia,2000,AUS,19017968,6.92E+11,0.89,0.41,180.26,83.134,16.76,7.73,16.47,7.596,0,0,2.27,1.047,0.05,0.023,0.13,0.06
Australia,2001,AUS,19248146,7.14E+11,0.8,0.357,179.88,80.21,24.5,10.925,16.12,7.188,0,0,2.62,1.168,0.05,0.022,0.29,0.129
Australia,2002,AUS,19475842,7.47E+11,1.27,0.568,171.86,76.898,30.55,13.67,16.09,7.199,0,0,3.13,1.401,0.06,0.027,0.53,0.237
Australia,2003,AUS,19699004,7.74E+11,1.69,0.748,173.61,76.836,30.15,13.344,16.21,7.174,0,0,3.53,1.562,0.06,0.027,0.7,0.31
Australia,2004,AUS,19925060,8.1E+11,2.82,1.23,178.96,78.07,27.36,11.936,15.69,6.845,0,0,3.53,1.54,0.07,0.031,0.8,0.349
Australia,2005,AUS,20171732,8.4E+11,3.87,1.677,182.98,79.301,23.26,10.081,15.47,6.705,0,0,3.78,1.638,0.08,0.035,1.3,0.563
Australia,2006,AUS,20467032,8.67E+11,3.93,1.651,185.76,78.054,27.29,11.467,14.95,6.282,0,0,3.8,1.597,0.1,0.042,2.16,0.908
Australia,2007,AUS,20830832,9.11E+11,4.28,1.76,185.49,76.274,33.4,13.734,13.05,5.366,0,0,4.01,1.649,0.11,0.045,2.85,1.172
Australia,2008,AUS,21247876,9.38E+11,3.7,1.508,184.24,75.084,36.31,14.797,11.82,4.817,0,0,5.71,2.327,0.14,0.057,3.46,1.41
Australia,2009,AUS,21660898,9.63E+11,2.79,1.116,182.02,72.837,41.12,16.455,12.64,5.058,0,0,6.6,2.641,0.29,0.116,4.44,1.777
Australia,2010,AUS,22019166,9.94E+11,2.44,0.972,176.02,70.136,46.79,18.644,13.75,5.479,0,0,6,2.391,0.98,0.39,4.99,1.988
Australia,2011,AUS,22357032,1.02E+12,2.57,1.003,171.98,67.106,48.78,19.034,19.57,7.636,0,0,4.91,1.916,2.04,0.796,6.43,2.509
Australia,2012,AUS,22729272,1.06E+12,3.1,1.237,165.38,65.978,49.81,19.872,17.04,6.798,0,0,5.2,2.075,2.41,0.961,7.72,3.08
Australia,2013,AUS,23111788,1.09E+12,3.33,1.334,155.45,62.29,52.72,21.125,19.09,7.649,0,0,5.86,2.348,3.85,1.543,9.26,3.711
Australia,2014,AUS,23469578,1.11E+12,3.55,1.433,155.23,62.681,53.66,21.668,14.48,5.847,0,0,6,2.423,4.95,1.999,9.78,3.949
Australia,2015,AUS,23820240,1.14E+12,3.68,1.449,162.2,63.861,49.71,19.572,14.09,5.547,0,0,6.28,2.473,6.2,2.441,11.83,4.658
Australia,2016,AUS,24195706,1.17E+12,3.63,1.406,162.36,62.874,48.11,18.631,17.63,6.827,0,0,6.02,2.331,7.44,2.881,13.04,5.05
Australia,2017,AUS,24590336,1.2E+12,3.56,1.375,159.17,61.463,55.09,21.273,13.5,5.213,0,0,5.52,2.132,8.92,3.444,13.21,5.101
Australia,2018,AUS,24979228,1.23E+12,3.59,1.367,156.56,59.612,51.46,19.594,17.31,6.591,0,0,5.12,1.95,12.33,4.695,16.26,6.191
Australia,2019,AUS,25357168,1.26E+12,3.47,1.305,149.84,56.352,55.71,20.951,14.02,5.273,0,0,5.09,1.914,18.3,6.882,19.47,7.322
Australia,2020,AUS,25670052,1.23E+12,3.41,1.286,142.93,53.891,53.12,20.029,14.42,5.437,0,0,4.89,1.844,23.84,8.989,22.61,8.525
Australia,2021,AUS,25921094,1.3E+12,3.34,1.249,137.4,51.374,47.63,17.809,15.94,5.96,0,0,5.15,1.926,31.19,11.662,26.8,10.021
Australia,2022,AUS,26177410,1.34E+12,3.25,1.188,130.93,47.863,46.29,16.922,17.12,6.258,0,0,5.47,2,38.84,14.199,31.65,11.57
Brazil,2000,BRA,175873712,1.74E+12,7.86,2.253,10.93,3.132,4.07,1.166,304.4,87.238,6.05,1.734,15.62,4.477,0,0,0,0
Brazil,2001,BRA,178211888,1.79E+12,9.02,2.745,11.08,3.372,9.92,3.019,267.88,81.534,14.28,4.346,16.34,4.973,0,0,0.03,0.009
Brazil,2002,BRA,180476688,1.86E+12,10.27,2.971,9.12,2.638,12.41,3.59,286.09,82.752,13.84,4.003,13.93,4.029,0,0,0.06,0.017
Brazil,2003,BRA,182629280,1.9E+12,11.94,3.277,9.01,2.473,13.11,3.598,305.62,83.872,13.36,3.666,11.29,3.098,0,0,0.06,0.016
Brazil,2004,BRA,184722048,2.04E+12,12.52,3.231,10.37,2.676,19.26,4.97,320.8,82.789,11.61,2.996,12.87,3.321,0,0,0.06,0.015
Brazil,2005,BRA,186797344,2.13E+12,13.64,3.384,10.68,2.65,18.81,4.667,337.46,83.722,9.85,2.444,12.54,3.111,0,0,0.09,0.022
Brazil,2006,BRA,188820688,2.24E+12,14.85,3.54,10.47,2.496,18.26,4.353,348.8,83.157,13.75,3.278,13.08,3.118,0,0,0.24,0.057
Brazil,2007,BRA,190779456,2.41E+12,18.06,4.057,10.08,2.264,15.5,3.482,374.02,84.021,12.35,2.774,14.48,3.253,0,0,0.66,0.148
Brazil,2008,BRA,192672320,2.56E+12,19.79,4.273,11.96,2.582,28.78,6.214,369.56,79.788,13.97,3.016,17.94,3.873,0,0,1.18,0.255
Brazil,2009,BRA,194517552,2.59E+12,22.88,4.908,9.97,2.139,13.33,2.859,390.99,83.873,12.96,2.78,14.8,3.175,0,0,1.24,0.266
Brazil,2010,BRA,196353504,2.82E+12,31.94,6.192,11.29,2.189,36.48,7.073,403.29,78.187,14.52,2.815,16.1,3.121,0,0,2.18,0.423
Brazil,2011,BRA,198185296,2.97E+12,32.63,6.136,12.6,2.369,25.1,4.72,428.33,80.549,15.66,2.945,14.74,2.772,0,0,2.7,0.508
Brazil,2012,BRA,199977712,3.03E+12,35.77,6.474,14.47,2.619,46.76,8.463,415.34,75.175,16.04,2.903,19.07,3.452,0,0,5.05,0.914
Brazil,2013,BRA,201721776,3.12E+12,40.97,7.177,21.97,3.849,69,12.088,390.99,68.495,15.45,2.707,25.87,4.532,0,0,6.58,1.153
Brazil,2014,BRA,203459648,3.13E+12,47.08,7.972,26.9,4.555,81.07,13.728,373.44,63.236,15.38,2.604,34.45,5.834,0.02,0.003,12.21,2.068
Brazil,2015,BRA,205188208,3.02E+12,49.88,8.582,26.98,4.642,79.49,13.676,359.74,61.894,14.73,2.534,28.71,4.94,0.06,0.01,21.63,3.721
Brazil,2016,BRA,206859584,2.92E+12,51.33,8.867,25.67,4.434,56.48,9.757,380.91,65.8,15.86,2.74,15.06,2.602,0.09,0.016,33.49,5.785
Brazil,2017,BRA,208504960,2.96E+12,52.91,8.978,22.85,3.877,65.59,11.13,370.91,62.939,15.74,2.671,18.12,3.075,0.83,0.141,42.37,7.19
Brazil,2018,BRA,210166592,3.01E+12,54.38,9.042,20.8,3.459,54.62,9.082,388.97,64.678,15.67,2.606,15.01,2.496,3.46,0.575,48.48,8.061
Brazil,2019,BRA,211782880,3.05E+12,54.92,8.672,21.68,3.423,65.96,10.415,397.88,62.823,16.13,2.547,14.12,2.229,6.65,1.05,55.99,8.841
Brazil,2020,BRA,213196304,2.95E+12,58.74,9.342,17.75,2.823,59.48,9.46,396.38,63.042,14.05,2.235,14.56,2.316,10.75,1.71,57.05,9.073
Brazil,2021,BRA,214326224,3.1E+12,55.72,8.492,24.24,3.695,86.96,13.254,362.82,55.299,14.7,2.24,22.63,3.449,16.75,2.553,72.29,11.018
Brazil,2022,BRA,215313504,3.19E+12,52.77,7.793,16.46,2.431,42.11,6.219,427.11,63.073,14.56,2.15,12.4,1.831,30.13,4.449,81.63,12.055
Canada,2000,CAN,30683316,1.14E+12,8.92,1.477,116.23,19.249,35.83,5.934,356.76,59.084,72.29,11.972,13.51,2.237,0.02,0.003,0.26,0.043
Canada,2001,CAN,31002768,1.16E+12,9.67,1.645,111.69,19.003,42.29,7.195,331.52,56.404,76.16,12.958,16.08,2.736,0.02,0.003,0.33,0.056
Canada,2002,CAN,31322400,1.2E+12,10.05,1.676,110.7,18.456,38.83,6.474,349.27,58.232,75,12.504,15.51,2.586,0.02,0.003,0.41,0.068
Canada,2003,CAN,31619456,1.22E+12,9.42,1.601,109.56,18.624,38.73,6.584,336.14,57.14,74.37,12.642,19.34,3.288,0.02,0.003,0.69,0.117
Canada,2004,CAN,31911670,1.27E+12,9.8,1.637,99.9,16.692,40.44,6.757,338.4,56.541,89.76,14.997,19.25,3.216,0.01,0.002,0.94,0.157
Canada,2005,CAN,32215914,1.31E+12,9.16,1.476,102.86,16.577,36.88,5.944,361.96,58.334,91.4,14.73,16.65,2.683,0.02,0.003,1.57,0.253
Canada,2006,CAN,32531864,1.35E+12,8.94,1.469,95.92,15.765,40.42,6.643,352.89,58,97.28,15.989,10.49,1.724,0.02,0.003,2.47,0.406
Canada,2007,CAN,32862458,1.38E+12,8.99,1.418,106.47,16.788,43.01,6.782,367.62,57.967,92.83,14.638,12.23,1.928,0.03,0.005,3.01,0.475
Canada,2008,CAN,33218542,1.4E+12,7.98,1.256,100.8,15.871,39.63,6.24,377.49,59.437,95.35,15.013,10.03,1.579,0.04,0.006,3.79,0.597
Canada,2009,CAN,33593920,1.36E+12,8.94,1.456,84.72,13.801,45.27,7.375,368.69,60.06,89.46,14.573,10.04,1.636,0.11,0.018,6.64,1.082
Canada,2010,CAN,33963416,1.41E+12,10.3,1.697,86.45,14.241,52.78,8.695,351.39,57.887,90.03,14.831,7.1,1.17,0.26,0.043,8.72,1.437
Canada,2011,CAN,34323536,1.45E+12,10.21,1.6,79.9,12.518,62.53,9.797,375.72,58.865,92.94,14.561,6.21,0.973,0.57,0.089,10.19,1.597
Canada,2012,CAN,34691876,1.48E+12,10.91,1.714,69.35,10.895,63.24,9.935,380.27,59.74,94.2,14.799,6.38,1.002,0.88,0.138,11.31,1.777
Canada,2013,CAN,35063696,1.51E+12,11.04,1.684,70.54,10.758,60.29,9.195,391.79,59.752,102.72,15.666,6.66,1.016,1.5,0.229,11.15,1.7
Canada,2014,CAN,35404616,1.56E+12,9.8,1.501,69.38,10.625,65.05,9.962,382.5,58.578,106.54,16.316,4.76,0.729,2.12,0.325,12.82,1.963
Canada,2015,CAN,35732120,1.57E+12,9.99,1.511,64.96,9.826,67.98,10.283,382.19,57.813,101.1,15.293,5,0.756,2.89,0.437,26.97,4.08
Canada,2016,CAN,36113532,1.58E+12,11.36,1.7,65.02,9.731,65.82,9.851,385.43,57.686,100.72,15.074,4.84,0.724,4.03,0.603,30.93,4.629
Canada,2017,CAN,36554344,1.63E+12,11.15,1.665,62.81,9.38,61.46,9.178,394.59,58.928,100.6,15.024,3.92,0.585,3.57,0.533,31.51,4.706
Canada,2018,CAN,37035260,1.68E+12,10.54,1.593,53.02,8.015,70.74,10.694,385.89,58.335,100.03,15.121,4.02,0.608,3.8,0.574,33.47,5.06
Canada,2019,CAN,37522584,1.71E+12,10.31,1.572,50.14,7.643,72.94,11.118,381.77,58.194,100.49,15.318,3.42,0.521,4.08,0.622,32.88,5.012
Canada,2020,CAN,37888704,1.62E+12,9.55,1.462,40.3,6.168,76.37,11.689,386.55,59.163,97.51,14.924,3.04,0.465,4.28,0.655,35.76,5.473
Canada,2021,CAN,38155012,1.7E+12,9.86,1.524,35.83,5.54,83.37,12.89,382.79,59.185,91.98,14.221,3.01,0.465,5.17,0.799,34.76,5.374
Canada,2022,CAN,38454328,1.76E+12,8.52,1.292,35.49,5.38,84.24,12.77,398.44,60.402,86.64,13.134,2.78,0.421,6.01,0.911,37.53,5.689
China,2000,CHN,1264099072,5.95E+12,2.54,0.187,1060.26,78.213,5.77,0.426,222.41,16.407,16.74,1.235,47.27,3.487,0.02,0.001,0.59,0.044
China,2001,CHN,1272739584,6.33E+12,2.55,0.172,1129.14,76.253,4.93,0.333,277.43,18.735,17.47,1.18,48.52,3.277,0.03,0.002,0.72,0.049
China,2002,CHN,1280926080,6.81E+12,2.55,0.154,1282.57,77.543,4.19,0.253,287.97,17.41,25.13,1.519,50.71,3.066,0.05,0.003,0.84,0.051
China,2003,CHN,1288873344,7.25E+12,2.54,0.133,1519.97,79.555,5.16,0.27,283.68,14.848,43.34,2.268,54.83,2.87,0.06,0.003,1,0.052
China,2004,CHN,1296816768,7.83E+12,2.53,0.115,1722.42,78.174,7.46,0.339,353.54,16.046,50.47,2.291,65.53,2.974,0.08,0.004,1.28,0.058
China,2005,CHN,1304887552,8.6E+12,5.32,0.213,1980.15,79.198,12.14,0.486,397.02,15.879,53.09,2.123,50.51,2.02,0.08,0.003,1.95,0.078
China,2006,CHN,1313086592,9.49E+12,7.13,0.249,2302.42,80.344,23.82,0.831,435.79,15.207,54.84,1.914,37.92,1.323,0.09,0.003,3.71,0.129
China,2007,CHN,1321513216,1.04E+13,9.86,0.3,2656.7,80.959,33.91,1.033,485.26,14.788,62.13,1.893,28.09,0.856,0.11,0.003,5.48,0.167
China,2008,CHN,1330167168,1.08E+13,14.87,0.425,2708.91,77.491,34.57,0.989,636.96,18.221,68.39,1.956,18.81,0.538,0.15,0.004,13.1,0.375
China,2009,CHN,1339125632,1.16E+13,20.86,0.562,2911.52,78.38,56.56,1.523,615.64,16.573,70.05,1.886,12.12,0.326,0.28,0.008,27.61,0.743
China,2010,CHN,1348191360,1.29E+13,24.9,0.592,3233.6,76.859,77.73,1.848,711.38,16.909,74.74,1.776,34.71,0.825,0.7,0.017,49.4,1.174
China,2011,CHN,1357095424,1.37E+13,27.63,0.586,3690.87,78.312,108.77,2.308,688.04,14.599,87.2,1.85,33.8,0.717,2.61,0.055,74.1,1.572
China,2012,CHN,1366560768,1.48E+13,30.13,0.604,3748.19,75.151,110.25,2.211,862.79,17.299,98.32,1.971,31.22,0.626,3.59,0.072,103.05,2.066
China,2013,CHN,1376100352,1.59E+13,37.13,0.684,4077.37,75.067,116.39,2.143,909.61,16.747,111.5,2.053,33,0.608,8.37,0.154,138.26,2.545
China,2014,CHN,1385189632,1.71E+13,46.27,0.799,4203.06,72.536,133.28,2.3,1059.69,18.288,133.22,2.299,35.66,0.615,23.51,0.406,159.76,2.757
China,2015,CHN,1393715456,1.83E+13,54.07,0.93,4046.17,69.587,166.91,2.871,1114.52,19.168,171.38,2.947,36.46,0.627,39.48,0.679,185.59,3.192
China,2016,CHN,1401889664,1.95E+13,62.13,1.013,4156.35,67.768,188.28,3.07,1153.27,18.804,213.18,3.476,52.56,0.857,66.53,1.085,240.86,3.927
China,2017,CHN,1410275968,2.09E+13,79.6,1.205,4430.03,67.077,203.2,3.077,1165.06,17.641,248.1,3.757,56.05,0.849,117.8,1.784,304.6,4.612
China,2018,CHN,1417069440,2.23E+13,93.73,1.308,4763.92,66.478,215.5,3.007,1198.89,16.73,295,4.117,56.4,0.787,176.9,2.469,365.8,5.105
China,2019,CHN,1421864064,2.36E+13,112.73,1.502,4855.19,64.706,232.5,3.099,1272.54,16.959,348.7,4.647,52.47,0.699,224,2.985,405.3,5.402
China,2020,CHN,1424929792,2.42E+13,135.63,1.744,4921.96,63.272,252.5,3.246,1321.71,16.991,366.2,4.708,53.47,0.687,261.1,3.356,466.5,5.997
China,2021,CHN,1425893504,2.62E+13,165.93,1.944,5328.83,62.44,287.1,3.364,1300,15.233,407.5,4.775,62.1,0.728,327,3.832,655.8,7.684
China,2022,CHN,1425887360,2.7E+13,176.63,1.996,5397.8,61.001,290.58,3.284,1303.13,14.727,417.8,4.722,72.37,0.818,427.72,4.834,762.7,8.619
Colombia,2000,COL,39215136,3.31E+11,0.5,1.168,2.08,4.859,8.25,19.271,31.75,74.165,0,0,0.22,0.514,0.01,0.023,0,0
Colombia,2001,COL,39837876,3.36E+11,0.5,1.159,2.23,5.169,8.69,20.144,31.48,72.972,0,0,0.23,0.533,0.01,0.023,0,0
Colombia,2002,COL,40454056,3.45E+11,0.49,1.096,2.17,4.854,8.18,18.296,33.63,75.218,0,0,0.23,0.514,0.01,0.022,0,0
Colombia,2003,COL,41057688,3.58E+11,0.5,1.082,2.81,6.082,6.83,14.784,35.81,77.511,0,0,0.24,0.519,0.01,0.022,0,0
Colombia,2004,COL,41648272,3.77E+11,0.47,0.953,1.86,3.771,7.01,14.21,39.68,80.438,0,0,0.25,0.507,0.01,0.02,0.05,0.101
Colombia,2005,COL,42220944,3.94E+11,0.5,1.001,2.33,4.666,7.4,14.818,39.4,78.895,0,0,0.25,0.501,0.01,0.02,0.05,0.1
Colombia,2006,COL,42772912,4.2E+11,0.53,0.994,2.84,5.324,7.38,13.836,42.31,79.321,0,0,0.21,0.394,0.01,0.019,0.06,0.112
Colombia,2007,COL,43306592,4.49E+11,0.53,0.967,3.39,6.187,6.57,11.991,44,80.307,0,0,0.24,0.438,0.01,0.018,0.05,0.091
Colombia,2008,COL,43815316,4.64E+11,0.54,0.973,2.92,5.263,5.76,10.382,45.94,82.805,0,0,0.26,0.469,0.01,0.018,0.05,0.09
Colombia,2009,COL,44313916,4.71E+11,0.54,0.952,4.17,7.348,10.94,19.278,40.64,71.612,0,0,0.39,0.687,0.01,0.018,0.06,0.106
Colombia,2010,COL,44816104,4.9E+11,2.42,4.018,4.04,6.708,11.97,19.874,40,66.412,0,0,1.75,2.906,0.01,0.017,0.04,0.066
Colombia,2011,COL,45308896,5.21E+11,2,3.241,2.25,3.647,7.64,12.382,48.39,78.428,0,0,1.37,2.22,0.01,0.016,0.04,0.065
Colombia,2012,COL,45782420,5.42E+11,1.95,3.092,3.36,5.328,8.99,14.256,47.11,74.707,0,0,1.59,2.521,0.01,0.016,0.05,0.079
Colombia,2013,COL,46237928,5.7E+11,1.05,1.428,6.04,8.217,15.36,20.895,49.76,67.691,0,0,1.23,1.673,0.01,0.014,0.06,0.082
Colombia,2014,COL,46677944,5.95E+11,1.35,1.916,5.46,7.749,14.24,20.21,47.25,67.059,0,0,2.08,2.952,0.01,0.014,0.07,0.099
Colombia,2015,COL,47119728,6.13E+11,1.37,1.757,7.06,9.055,17.95,23.022,47.94,61.485,0,0,3.57,4.579,0.01,0.013,0.07,0.09
Colombia,2016,COL,47625960,6.26E+11,1.46,1.917,6.18,8.113,15.9,20.874,48.46,63.621,0,0,4.11,5.396,0.01,0.013,0.05,0.066
Colombia,2017,COL,48351668,6.34E+11,1.42,1.81,3.15,4.014,11.01,14.031,60.64,77.278,0,0,2.24,2.855,0.01,0.013,0,0
Colombia,2018,COL,49276968,6.5E+11,1.45,1.854,4.52,5.779,11.62,14.857,58.19,74.402,0,0,2.37,3.03,0.02,0.026,0.04,0.051
Colombia,2019,COL,50187404,6.71E+11,1.57,1.993,8.13,10.32,13.16,16.705,52.98,67.251,0,0,2.75,3.491,0.13,0.165,0.06,0.076
Colombia,2020,COL,50930656,6.22E+11,2.15,2.756,9.37,12.013,15.19,19.474,48.44,62.103,0,0,2.65,3.397,0.19,0.244,0.01,0.013
Colombia,2021,COL,51516560,6.91E+11,2.24,2.653,4.5,5.33,13.76,16.299,60.7,71.902,0,0,2.83,3.352,0.33,0.391,0.06,0.071
Colombia,2022,COL,51874028,7.43E+11,2.18,2.558,4.4,5.164,16.76,19.669,58.73,68.924,0,0,2.75,3.227,0.33,0.387,0.06,0.07
Colombia,2023,COL,52085168,,2.18,2.513,8.51,9.811,17.6,20.291,54.24,62.532,0,0,2.96,3.412,1.04,1.199,0.21,0.242
Ecuador,2000,ECU,12626511,85978890240,0,0,0,0,0,0,7.53,71.51,0,0,3,28.49,0,0,0,0
Ecuador,2001,ECU,12845523,90060701696,0,0,0,0,0,0,7,63.752,0,0,3.98,36.248,0,0,0,0
Ecuador,2002,ECU,13070617,94404509696,0,0,0,0,0.48,4.064,7.45,63.082,0,0,3.88,32.854,0,0,0,0
Ecuador,2003,ECU,13301188,97642545152,0,0,0,0,0.94,8.188,7.11,61.934,0,0,3.43,29.878,0,0,0,0
Ecuador,2004,ECU,13534598,1.06E+11,0,0,0,0,1.24,9.688,7.34,57.344,0,0,4.22,32.969,0,0,0,0
Ecuador,2005,ECU,13770015,1.13E+11,0.02,0.158,0,0,1.48,11.709,6.81,53.877,0,0,4.33,34.256,0,0,0,0
Ecuador,2006,ECU,14009064,1.19E+11,0.02,0.142,0,0,1.79,12.713,7.06,50.142,0,0,5.21,37.003,0,0,0,0
Ecuador,2007,ECU,14251838,1.22E+11,0.02,0.116,0,0,2.01,11.652,8.95,51.884,0,0,6.27,36.348,0,0,0,0
Ecuador,2008,ECU,14496800,1.31E+11,0.02,0.108,0,0,1.72,9.302,11.18,60.465,0,0,5.57,30.124,0,0,0,0
Ecuador,2009,ECU,14742768,1.32E+11,0.02,0.11,0,0,1.9,10.463,9.13,50.275,0,0,7.11,39.152,0,0,0,0
Ecuador,2010,ECU,14989581,1.38E+11,0.02,0.103,0,0,2.19,11.277,8.55,44.027,0,0,8.66,44.593,0,0,0,0
Ecuador,2011,ECU,15237734,1.5E+11,0.01,0.049,0,0,1.94,9.496,11.02,53.94,0,0,7.46,36.515,0,0,0,0
Ecuador,2012,ECU,15483884,1.58E+11,0.02,0.088,0,0,2.34,10.295,12.12,53.322,0,0,8.25,36.296,0,0,0,0
Ecuador,2013,ECU,15722988,1.66E+11,0.04,0.173,0,0,2.83,12.219,10.93,47.193,0,0,9.3,40.155,0,0,0.06,0.259
Ecuador,2014,ECU,15957995,1.72E+11,0.06,0.248,0,0,2.91,12.03,11.34,46.879,0,0,9.78,40.43,0.02,0.083,0.08,0.331
Ecuador,2015,ECU,16195904,1.73E+11,0.09,0.348,0,0,2.81,10.879,12.97,50.213,0,0,9.82,38.018,0.04,0.155,0.1,0.387
Ecuador,2016,ECU,16439588,1.7E+11,0.49,1.804,0,0,2.02,7.437,15.68,57.732,0,0,8.85,32.585,0.04,0.147,0.08,0.295
Ecuador,2017,ECU,16696947,1.74E+11,0.46,1.653,0,0,1.73,6.216,19.89,71.47,0,0,5.64,20.266,0.04,0.144,0.07,0.252
Ecuador,2018,ECU,17015672,1.77E+11,0.43,1.481,0,0,1.34,4.614,20.47,70.489,0,0,6.68,23.003,0.04,0.138,0.08,0.275
Ecuador,2019,ECU,17343742,1.77E+11,0.45,1.393,0,0,1.25,3.869,24.66,76.323,0,0,5.82,18.013,0.04,0.124,0.09,0.279
Ecuador,2020,ECU,17588596,1.63E+11,0.47,1.502,0,0,1.15,3.675,24.33,77.756,0,0,5.22,16.683,0.04,0.128,0.08,0.256
Ecuador,2021,ECU,17797736,1.7E+11,0.41,1.276,0,0,1.13,3.518,25.57,79.608,0,0,4.91,15.286,0.04,0.125,0.06,0.187
Ecuador,2022,ECU,18001002,1.75E+11,0.43,1.317,0,0,1.16,3.553,25.9,79.326,0,0,5.06,15.498,0.04,0.123,0.06,0.184
France,1990,FRA,56412896,1.64E+12,1.41,0.339,31.47,7.564,3.03,0.728,52.71,12.669,314.08,75.493,12.84,3.086,0,0,0,0
France,1991,FRA,56645216,1.65E+12,1.59,0.353,39.61,8.796,3.05,0.677,56.32,12.506,331.34,73.576,17.91,3.977,0,0,0,0
France,1992,FRA,56864048,1.68E+12,1.62,0.353,34.23,7.465,3.18,0.694,67.48,14.716,338.45,73.81,13.06,2.848,0,0,0,0
France,1993,FRA,57053728,1.67E+12,1.48,0.316,20.96,4.478,3.5,0.748,63.3,13.524,368.19,78.661,10.15,2.168,0,0,0,0
France,1994,FRA,57230064,1.71E+12,1.66,0.351,20.9,4.42,3.63,0.768,77.03,16.291,359.98,76.131,9.14,1.933,0,0,0,0
France,1995,FRA,57420356,1.75E+12,1.82,0.372,24.18,4.941,3.84,0.785,71.33,14.575,377.23,77.079,10.5,2.145,0,0,0,0
France,1996,FRA,57623180,1.77E+12,1.93,0.38,28.04,5.522,4.12,0.811,64.67,12.736,397.34,78.249,11.19,2.204,0,0,0.01,0.002
France,1997,FRA,57839364,1.82E+12,2.16,0.433,22.18,4.442,4.9,0.981,62.11,12.439,395.48,79.205,11.96,2.395,0,0,0.01,0.002
France,1998,FRA,58080344,1.88E+12,2.13,0.421,33.53,6.627,4.97,0.982,60.77,12.012,387.99,76.688,16,3.162,0,0,0.02,0.004
France,1999,FRA,58352208,1.95E+12,2.34,0.45,29.28,5.636,7.7,1.482,70.82,13.631,394.24,75.883,14.61,2.812,0,0,0.04,0.008
France,2000,FRA,58665456,2.03E+12,2.48,0.466,27,5.07,11.51,2.161,64.78,12.164,415.16,77.956,11.06,2.077,0.01,0.002,0.05,0.009
France,2001,FRA,59014776,2.08E+12,2.85,0.525,20.48,3.774,15.15,2.792,72.62,13.384,421.08,77.604,9.8,1.806,0.01,0.002,0.13,0.024
France,2002,FRA,59372784,2.11E+12,3.04,0.551,23.66,4.292,18.37,3.332,58.88,10.681,436.76,79.232,9.76,1.771,0.01,0.002,0.27,0.049
France,2003,FRA,59728260,2.13E+12,3.23,0.578,26.26,4.697,19.37,3.464,57.35,10.257,441.07,78.885,10.96,1.96,0.01,0.002,0.39,0.07
France,2004,FRA,60108436,2.2E+12,3.31,0.584,24.37,4.303,21.05,3.717,58.04,10.249,448.24,79.152,10.22,1.805,0.01,0.002,0.59,0.104
France,2005,FRA,60510080,2.24E+12,3.39,0.596,27.51,4.834,23.07,4.053,50.14,8.81,451.53,79.335,12.05,2.117,0.01,0.002,0.96,0.169
France,2006,FRA,60919152,2.3E+12,3.38,0.596,22.89,4.035,21.76,3.836,54.88,9.674,450.19,79.357,11.55,2.036,0.01,0.002,2.18,0.384
France,2007,FRA,61329380,2.35E+12,3.75,0.667,24.45,4.352,21.99,3.914,55.99,9.965,439.73,78.266,11.37,2.024,0.02,0.004,4.07,0.724
France,2008,FRA,61721004,2.36E+12,3.97,0.7,23.06,4.067,21.88,3.859,62.16,10.963,439.45,77.507,10.26,1.81,0.04,0.007,5.69,1.004
France,2009,FRA,62093300,2.3E+12,4.13,0.781,21.67,4.097,20.5,3.876,55.49,10.492,409.74,77.475,8.81,1.666,0.17,0.032,7.91,1.496
France,2010,FRA,62444568,2.34E+12,4.44,0.79,23.36,4.154,23.76,4.225,61.2,10.883,428.52,76.2,10.04,1.785,0.62,0.11,9.94,1.768
France,2011,FRA,62775272,2.39E+12,5.04,0.888,17.39,3.065,29.49,5.197,45.74,8.061,442.39,77.965,12.13,2.138,2.33,0.411,12.37,2.18
France,2012,FRA,63071412,2.4E+12,5.3,0.934,21.46,3.781,22.75,4.008,59.83,10.541,425.41,74.952,12.71,2.239,4.43,0.781,15.18,2.675
France,2013,FRA,63335180,2.41E+12,5.68,0.985,23.84,4.134,18.39,3.189,71.92,12.47,423.68,73.461,11.41,1.978,5.19,0.9,16.13,2.797
France,2014,FRA,63588496,2.44E+12,5.99,1.058,11.26,1.988,13.16,2.324,63.77,11.261,436.48,77.08,11.34,2.003,6.39,1.128,17.32,3.059
France,2015,FRA,63809768,2.46E+12,6.53,1.137,11.89,2.071,21.14,3.682,55.56,9.678,437.43,76.193,11.81,2.057,7.75,1.35,21.42,3.731
France,2016,FRA,63989320,2.49E+12,7.52,1.346,10.23,1.831,34.97,6.258,60.84,10.888,403.2,72.155,11.4,2.04,8.66,1.55,21.38,3.826
France,2017,FRA,64144092,2.55E+12,7.78,1.398,12.81,2.302,40.5,7.279,50,8.986,398.36,71.593,12.12,2.178,9.59,1.724,24.61,4.423
France,2018,FRA,64277812,2.6E+12,8.38,1.455,8.31,1.443,30.61,5.315,65.11,11.305,412.94,71.7,10.56,1.834,10.81,1.877,28.6,4.966
France,2019,FRA,64399760,2.64E+12,8.64,1.527,3.64,0.643,39.31,6.949,56.91,10.06,399.01,70.53,10.71,1.893,12.18,2.153,34.72,6.137
France,2020,FRA,64480052,2.44E+12,8.76,1.662,3.09,0.586,35.25,6.686,62.59,11.872,353.83,67.112,10.03,1.902,13.2,2.504,39.86,7.56
France,2021,FRA,64531448,2.6E+12,9.57,1.74,5.44,0.989,33.29,6.051,59.62,10.838,379.36,68.96,10.06,1.829,15.37,2.794,36.83,6.695
France,2022,FRA,64626624,2.67E+12,9.78,2.084,4.33,0.923,45.74,9.745,45.52,9.699,294.73,62.795,10.45,2.226,19.64,4.185,38.56,8.216
Germany,1990,DEU,79370192,2.02E+12,1.6,0.295,310.04,57.176,35.9,6.62,17.43,3.214,152.47,28.118,24.75,4.564,0,0,0.07,0.013
Germany,1991,DEU,79801984,2.14E+12,1.87,0.349,307.67,57.399,36.3,6.772,14.89,2.778,147.23,27.467,27.84,5.194,0,0,0.22,0.041
Germany,1992,DEU,80205024,2.2E+12,2.04,0.382,295.67,55.393,33,6.182,17.4,3.26,158.8,29.751,26.57,4.978,0,0,0.29,0.054
Germany,1993,DEU,80573496,2.21E+12,1.97,0.378,293.25,56.316,32.8,6.299,17.88,3.434,153.28,29.436,20.87,4.008,0,0,0.67,0.129
Germany,1994,DEU,80882120,2.28E+12,2.07,0.397,290.29,55.713,36.1,6.928,19.93,3.825,150.7,28.922,20.53,3.94,0,0,1.43,0.274
Germany,1995,DEU,81123264,2.35E+12,2.43,0.458,289.14,54.481,41.1,7.744,21.78,4.104,153.09,28.846,21.47,4.045,0,0,1.71,0.322
Germany,1996,DEU,81300864,2.39E+12,2.5,0.456,295.99,53.99,45.56,8.31,21.96,4.006,160.02,29.188,20.11,3.668,0.01,0.002,2.08,0.379
Germany,1997,DEU,81436096,2.46E+12,2.65,0.485,284.34,52.042,48.1,8.804,17.36,3.177,170.33,31.175,20.55,3.761,0.01,0.002,3.03,0.555
Germany,1998,DEU,81524384,2.54E+12,3.06,0.557,292.26,53.21,50.74,9.238,17.22,3.135,161.64,29.429,19.74,3.594,0.01,0.002,4.59,0.836
Germany,1999,DEU,81556968,2.61E+12,3.51,0.639,281.27,51.208,51.8,9.431,19.65,3.577,170,30.95,17.49,3.184,0.02,0.004,5.53,1.007
Germany,2000,DEU,81551680,2.72E+12,4.33,0.761,296.68,52.145,49.2,8.648,21.73,3.819,169.61,29.811,18.05,3.173,0,0,9.35,1.643
Germany,2001,DEU,81514568,2.79E+12,4.59,0.793,293.74,50.738,55.5,9.586,22.73,3.926,171.3,29.589,20.52,3.544,0.1,0.017,10.46,1.807
Germany,2002,DEU,81443424,2.82E+12,5.31,0.91,299.6,51.322,56.3,9.644,23.12,3.961,164.84,28.238,18.53,3.174,0.2,0.034,15.86,2.717
Germany,2003,DEU,81346808,2.83E+12,8.95,1.487,304.63,50.6,62.59,10.396,18.32,3.043,165.06,27.417,23.08,3.834,0.31,0.051,19.09,3.171
Germany,2004,DEU,81266672,2.89E+12,10.64,1.745,298.77,49.011,62.67,10.281,20.75,3.404,167.07,27.406,23.12,3.793,0.56,0.092,26.02,4.268
Germany,2005,DEU,81212168,2.95E+12,14.71,2.398,288.14,46.979,72.19,11.77,19.64,3.202,163.05,26.584,26.53,4.325,1.31,0.214,27.77,4.528
Germany,2006,DEU,81177816,3.09E+12,18.94,3.005,288.93,45.847,74.73,11.858,20.03,3.178,167.27,26.542,26.71,4.238,2.27,0.36,31.32,4.97
Germany,2007,DEU,81183832,3.22E+12,24.62,3.901,297.1,47.077,77.45,12.272,21.17,3.354,140.53,22.267,26.58,4.212,3.14,0.498,40.51,6.419
Germany,2008,DEU,81217488,3.29E+12,28.02,4.432,275.21,43.526,88.48,13.994,20.44,3.233,148.49,23.484,25.74,4.071,4.51,0.713,41.38,6.544
Germany,2009,DEU,81260624,3.14E+12,30.89,5.254,253.45,43.107,80.27,13.652,19.03,3.237,134.93,22.949,23.23,3.951,6.72,1.143,39.42,6.705
Germany,2010,DEU,81325088,3.3E+12,33.92,5.434,262.89,42.116,88.76,14.22,20.95,3.356,140.56,22.518,26.59,4.26,11.96,1.916,38.55,6.176
Germany,2011,DEU,81423384,3.47E+12,36.89,6.098,262.46,43.382,85.67,14.16,17.67,2.921,107.97,17.846,24.47,4.045,19.99,3.304,49.86,8.241
Germany,2012,DEU,81545568,3.48E+12,43.2,6.97,276.23,44.567,75.95,12.254,21.75,3.509,99.46,16.047,24.77,3.996,26.74,4.314,51.68,8.338
Germany,2013,DEU,81680592,3.5E+12,45.51,7.227,288.2,45.769,67,10.64,23,3.653,97.29,15.45,25.25,4.01,30.62,4.863,52.74,8.376
Germany,2014,DEU,81858824,3.57E+12,48.29,7.804,274.41,44.349,60.61,9.796,19.59,3.166,97.13,15.698,24.67,3.987,35.45,5.729,58.5,9.455
Germany,2015,DEU,82073232,3.63E+12,50.33,7.874,272.2,42.586,61.47,9.617,18.98,2.969,91.79,14.361,25.57,4.001,38.08,5.958,80.62,12.613
Germany,2016,DEU,82331432,3.71E+12,50.93,7.939,261.75,40.802,80.62,12.567,20.55,3.203,84.63,13.192,25.39,3.958,37.56,5.855,79.92,12.458
Germany,2017,DEU,82624368,3.81E+12,50.92,7.901,241.26,37.436,86.04,13.351,20.15,3.127,76.32,11.842,25.16,3.904,38.76,6.014,105.69,16.4
Germany,2018,DEU,82896696,3.85E+12,50.79,8.033,228.16,36.085,81.56,12.899,17.69,2.798,76,12.02,23.63,3.737,44.32,7.01,109.95,17.389
Germany,2019,DEU,83148144,3.89E+12,50.13,8.354,171.45,28.571,90,14.998,19.73,3.288,75.07,12.51,22.4,3.733,45.22,7.536,125.89,20.979
Germany,2020,DEU,83328992,3.74E+12,50.93,8.986,134.6,23.749,95,16.762,18.72,3.303,64.38,11.36,21.28,3.755,49.5,8.734,132.11,23.31
Germany,2021,DEU,83408560,3.84E+12,49.1,8.476,164.65,28.422,90.3,15.588,19.66,3.394,69.13,11.933,22.24,3.839,49.34,8.517,114.65,19.791
Germany,2022,DEU,83369840,3.91E+12,48.14,8.483,179.98,31.716,79.8,14.062,17.63,3.107,34.71,6.117,21.55,3.798,60.79,10.712,124.66,21.968
India,2000,IND,1059633664,2.8E+12,1.69,0.296,390.23,68.295,55.96,9.794,76.99,13.474,15.77,2.76,29.16,5.103,0.01,0.002,1.58,0.277
India,2001,IND,1078970880,2.94E+12,2.07,0.353,408.29,69.663,55.93,9.543,72.02,12.288,18.89,3.223,26.79,4.571,0.01,0.002,2.09,0.357
India,2002,IND,1098313088,3.02E+12,2.14,0.351,426.7,69.992,62.88,10.314,68.54,11.243,19.35,3.174,27.93,4.581,0.01,0.002,2.09,0.343
India,2003,IND,1117415168,3.25E+12,2.71,0.425,441.47,69.182,72.8,11.408,69.3,10.86,18.14,2.843,31.09,4.872,0.02,0.003,2.6,0.407
India,2004,IND,1136264576,3.5E+12,3.31,0.474,463.01,66.303,76.58,10.966,100.64,14.412,21.26,3.044,28.27,4.048,0.02,0.003,5.23,0.749
India,2005,IND,1154638720,3.75E+12,4.04,0.573,478.48,67.916,75.47,10.712,97.42,13.828,17.73,2.517,25.37,3.601,0.02,0.003,5.99,0.85
India,2006,IND,1172373760,4.07E+12,5.59,0.751,505.46,67.899,74.7,10.035,112.62,15.128,17.63,2.368,19.08,2.563,0.01,0.001,9.34,1.255
India,2007,IND,1189691776,4.4E+12,7.4,0.929,533.27,66.972,90.05,11.309,122.61,15.398,17.83,2.239,13.36,1.678,0.06,0.008,11.68,1.467
India,2008,IND,1206734848,4.65E+12,9.3,1.123,573.12,69.183,85.88,10.367,115.17,13.903,15.23,1.838,15.27,1.843,0.06,0.007,14.38,1.736
India,2009,IND,1223640192,4.99E+12,11.64,1.323,611.11,69.467,104.37,11.864,106.34,12.088,16.82,1.912,13.08,1.487,0.08,0.009,16.27,1.849
India,2010,IND,1240613632,5.36E+12,14.3,1.525,642.97,68.586,118.03,12.59,108.74,11.599,23.08,2.462,10.78,1.15,0.11,0.012,19.46,2.076
India,2011,IND,1257621248,5.72E+12,17.14,1.658,701.25,67.819,117.56,11.369,131.7,12.737,32.22,3.116,9.35,0.904,0.83,0.08,23.95,2.316
India,2012,IND,1274487168,6.05E+12,19.94,1.826,787.13,72.092,96.25,8.815,115.78,10.604,33.14,3.035,10.07,0.922,2.1,0.192,27.43,2.512
India,2013,IND,1291132032,6.42E+12,22.48,1.961,847.97,73.985,66.31,5.786,131.98,11.515,33.31,2.906,10.65,0.929,3.43,0.299,30.01,2.618
India,2014,IND,1307246464,6.88E+12,24.68,1.955,949.93,75.259,64.01,5.071,139,11.012,34.69,2.748,11.55,0.915,4.91,0.389,33.45,2.65
India,2015,IND,1322866560,7.39E+12,30.62,2.316,1006.55,76.133,64.77,4.899,133.28,10.081,38.31,2.898,9.26,0.7,6.57,0.497,32.74,2.476
India,2016,IND,1338636288,8.06E+12,24.82,1.771,1073.6,76.591,72.62,5.181,128.38,9.159,37.9,2.704,9.41,0.671,11.56,0.825,43.45,3.1
India,2017,IND,1354195712,8.55E+12,24.91,1.693,1115.24,75.798,74.99,5.097,135.82,9.231,37.41,2.543,8.79,0.597,21.54,1.464,52.63,3.577
India,2018,IND,1369003264,9.17E+12,27.22,1.724,1198.86,75.917,71.26,4.512,139.75,8.85,39.05,2.473,6.4,0.405,36.33,2.301,60.31,3.819
India,2019,IND,1383112064,9.6E+12,31.51,1.943,1198.76,73.902,71.95,4.436,162.07,9.991,45.16,2.784,3.07,0.189,46.27,2.852,63.31,3.903
India,2020,IND,1396387072,8.95E+12,32.86,2.077,1143.78,72.302,74.79,4.728,163.7,10.348,44.61,2.82,3.09,0.195,58.68,3.709,60.43,3.82
India,2021,IND,1407563904,9.8E+12,36.76,2.144,1274.13,74.304,59.84,3.49,160.33,9.35,43.92,2.561,3.38,0.197,68.31,3.984,68.09,3.971
India,2022,IND,1417173120,1.05E+13,40.74,2.193,1380.1,74.28,47.04,2.532,174.92,9.415,46.19,2.486,3.78,0.203,95.16,5.122,70.05,3.77
Japan,2000,JPN,126803864,4.21E+12,16.11,1.465,238.24,21.665,258.5,23.507,84.47,7.681,319.12,29.02,182.78,16.621,0.34,0.031,0.11,0.01
Japan,2001,JPN,127065736,4.22E+12,16.03,1.48,253.91,23.442,256.52,23.683,81.54,7.528,320.54,29.594,153.85,14.204,0.5,0.046,0.25,0.023
Japan,2002,JPN,127301744,4.23E+12,16.94,1.536,264.42,23.971,252.76,22.914,80.6,7.307,314.26,28.49,172.99,15.683,0.69,0.063,0.41,0.037
Japan,2003,JPN,127502352,4.29E+12,17.88,1.636,292.06,26.731,273.1,24.996,92.47,8.463,230.08,21.058,185.22,16.952,0.95,0.087,0.83,0.076
Japan,2004,JPN,127671288,4.38E+12,18.05,1.61,295.39,26.346,257.86,22.999,91.67,8.176,285.87,25.497,169.64,15.13,1.27,0.113,1.44,0.128
Japan,2005,JPN,127798376,4.45E+12,21.69,1.881,319.2,27.683,253.09,21.949,77.56,6.726,293.04,25.414,184.95,16.04,1.63,0.141,1.91,0.166
Japan,2006,JPN,127902168,4.51E+12,21.53,1.849,311.34,26.739,280.04,24.051,88.81,7.627,304.29,26.134,154.21,13.244,2,0.172,2.13,0.183
Japan,2007,JPN,128006424,4.59E+12,22.2,1.881,317.31,26.888,296.85,25.154,74.51,6.314,279.01,23.643,185.18,15.692,2.31,0.196,2.74,0.232
Japan,2008,JPN,128077632,4.54E+12,21.29,1.799,333.7,28.191,324.83,27.442,75.16,6.35,251.74,21.267,171.45,14.484,2.59,0.219,2.94,0.248
Japan,2009,JPN,128117040,4.3E+12,20.33,1.825,312.08,28.014,324.72,29.148,70.47,6.326,274.65,24.654,105.29,9.451,3.05,0.274,3.43,0.308
Japan,2010,JPN,128105432,4.48E+12,21.83,1.888,316.85,27.408,326.09,28.208,88.5,7.655,292.36,25.29,102.5,8.866,3.98,0.344,3.93,0.34
Japan,2011,JPN,128007256,4.47E+12,21.11,1.912,285.07,25.817,379.83,34.399,82.49,7.471,162.93,14.755,162.87,14.75,5.44,0.493,4.46,0.404
Japan,2012,JPN,127853688,4.53E+12,22.13,1.999,334.3,30.202,435.49,39.344,77.1,6.966,17.99,1.625,207.77,18.771,7.37,0.666,4.73,0.427
Japan,2013,JPN,127678920,4.62E+12,23.18,2.131,362.55,33.33,423.58,38.941,79.33,7.293,14.6,1.342,166.48,15.305,12.91,1.187,5.13,0.472
Japan,2014,JPN,127476728,4.63E+12,23.63,2.224,355.6,33.461,450.88,42.427,81.71,7.689,0,0,122.34,11.512,23.55,2.216,5.01,0.471
Japan,2015,JPN,127250936,4.71E+12,28.49,2.766,349.64,33.942,417.5,40.529,85.77,8.326,4.52,0.439,104.44,10.139,34.54,3.353,5.22,0.507
Japan,2016,JPN,126993856,4.74E+12,23.67,2.287,345.24,33.353,421.84,40.754,79.43,7.674,17.68,1.708,98.57,9.523,43.33,4.186,5.34,0.516
Japan,2017,JPN,126662464,4.82E+12,27.39,2.628,342.88,32.904,428.92,41.16,79.29,7.609,29.07,2.79,74.45,7.144,54.24,5.205,5.83,0.559
Japan,2018,JPN,126255872,4.85E+12,30.13,2.861,345.13,32.77,425.37,40.389,81.11,7.701,49.11,4.663,53.78,5.106,62.11,5.897,6.44,0.611
Japan,2019,JPN,125791680,4.83E+12,32.16,3.135,338.2,32.97,400.33,39.027,73.64,7.179,65.64,6.399,41.31,4.027,67.75,6.605,6.75,0.658
Japan,2020,JPN,125244760,4.63E+12,34.8,3.491,330.78,33.179,392.5,39.37,77.41,7.765,43,4.313,35.51,3.562,75.14,7.537,7.82,0.784
Japan,2021,JPN,124612528,4.73E+12,35.76,3.507,338.6,33.206,365.76,35.869,79.58,7.804,61.22,6.004,38.14,3.74,92.4,9.061,8.25,0.809
Japan,2022,JPN,123951696,4.77E+12,41.48,4.013,348.48,33.717,360.54,34.884,74.88,7.245,51.77,5.009,45.83,4.434,102.4,9.908,8.17,0.79
Mexico,2000,MEX,97873448,1.24E+12,6.36,3.123,19.05,9.356,40.31,19.797,33.07,16.241,8.22,4.037,96.58,47.431,0.01,0.005,0.02,0.01
Mexico,2001,MEX,99394288,1.25E+12,6.25,2.973,23.17,11.022,50.86,24.194,28.44,13.529,8.73,4.153,92.74,44.116,0.01,0.005,0.02,0.01
Mexico,2002,MEX,100917080,1.28E+12,6.07,2.814,26.1,12.098,69.6,32.263,24.86,11.524,9.75,4.52,79.32,36.768,0.01,0.005,0.02,0.009
Mexico,2003,MEX,102429344,1.31E+12,6.95,3.09,30.9,13.739,80.58,35.829,19.85,8.826,10.5,4.669,76.09,33.833,0.01,0.004,0.02,0.009
Mexico,2004,MEX,103945816,1.37E+12,7.26,3.084,23.8,10.111,92.37,39.241,25.18,10.697,9.19,3.904,77.56,32.95,0.01,0.004,0.02,0.008
Mexico,2005,MEX,105442400,1.43E+12,8.14,3.283,32.81,13.231,86.48,34.875,27.71,11.175,10.8,4.355,82,33.069,0.01,0.004,0.02,0.008
Mexico,2006,MEX,106886792,1.51E+12,7.49,2.923,31.74,12.386,116.06,45.292,30.45,11.883,10.87,4.242,59.58,23.251,0.01,0.004,0.05,0.02
Mexico,2007,MEX,108302976,1.57E+12,8.25,3.134,31.57,11.992,128.79,48.921,27.34,10.385,10.42,3.958,56.63,21.511,0.01,0.004,0.25,0.095
Mexico,2008,MEX,109684496,1.61E+12,7.9,2.934,21.34,7.925,131.27,48.747,39.22,14.564,9.8,3.639,59.49,22.091,0.02,0.007,0.25,0.093
Mexico,2009,MEX,111049424,1.54E+12,7.55,2.82,29.44,10.995,138.16,51.598,26.72,9.979,10.5,3.921,54.76,20.451,0.03,0.011,0.6,0.224
Mexico,2010,MEX,112532400,1.64E+12,7.45,2.703,32.39,11.753,143.75,52.163,37.16,13.484,5.88,2.134,47.68,17.302,0.03,0.011,1.24,0.45
Mexico,2011,MEX,114150480,1.72E+12,7.37,2.523,33.78,11.563,151.71,51.931,36.27,12.415,10.09,3.454,51.23,17.536,0.04,0.014,1.65,0.565
Mexico,2012,MEX,115755912,1.78E+12,6.76,2.281,34.23,11.549,153.65,51.839,31.91,10.766,8.77,2.959,57.32,19.339,0.07,0.024,3.69,1.245
Mexico,2013,MEX,117290680,1.8E+12,7.32,2.464,31.74,10.683,165.5,55.701,28.02,9.431,11.8,3.971,48.45,16.307,0.11,0.037,4.18,1.407
Mexico,2014,MEX,118755888,1.85E+12,7.14,2.354,33.78,11.137,174.04,57.378,38.89,12.821,9.68,3.191,33.14,10.926,0.22,0.073,6.43,2.12
Mexico,2015,MEX,120149896,1.92E+12,7.63,2.459,33.76,10.878,186.31,60.032,30.89,9.953,11.58,3.731,31.23,10.063,0.2,0.064,8.75,2.819
Mexico,2016,MEX,121519224,1.96E+12,7.61,2.382,34.45,10.784,191.96,60.093,30.7,9.611,10.57,3.309,33.52,10.493,0.25,0.078,10.38,3.249
Mexico,2017,MEX,122839256,2.01E+12,8.12,2.467,30.86,9.377,196.7,59.771,31.85,9.678,10.88,3.306,38.87,11.811,1.19,0.362,10.62,3.227
Mexico,2018,MEX,124013864,2.05E+12,7.37,2.11,29.03,8.311,215.51,61.698,32.49,9.301,13.55,3.879,35.7,10.22,3.21,0.919,12.44,3.561
Mexico,2019,MEX,125085312,2.05E+12,7.21,2.092,32.68,9.484,208.4,60.481,23.61,6.852,11.19,3.248,34.79,10.097,9.96,2.891,16.73,4.855
Mexico,2020,MEX,125998296,1.88E+12,6.93,2.127,18.91,5.805,193.79,59.492,26.94,8.27,11.18,3.432,32.45,9.962,15.84,4.863,19.7,6.048
Mexico,2021,MEX,126705136,1.97E+12,6,1.818,13.55,4.106,189.46,57.412,34.87,10.567,11.92,3.612,32.94,9.982,20.19,6.118,21.07,6.385
Mexico,2022,MEX,127504120,2.03E+12,6.62,1.943,21.87,6.419,191.8,56.298,35.72,10.485,10.85,3.185,34.24,10.05,19.27,5.656,20.32,5.964
Netherlands,1990,NLD,14944550,4.11E+11,0.67,0.948,25.01,35.375,36.53,51.669,0.09,0.127,3.5,4.95,4.84,6.846,0,0,0.06,0.085
Netherlands,1991,NLD,15046578,4.24E+11,0.74,1.011,22.66,30.948,41.01,56.009,0.1,0.137,3.33,4.548,5.29,7.225,0,0,0.09,0.123
Netherlands,1992,NLD,15150688,4.34E+11,0.73,0.963,22.63,29.839,43.46,57.305,0.12,0.158,3.8,5.011,4.95,6.527,0,0,0.15,0.198
Netherlands,1993,NLD,15251088,4.42E+11,0.84,1.107,21.41,28.216,44.12,58.144,0.09,0.119,3.95,5.206,5.3,6.985,0,0,0.17,0.224
Netherlands,1994,NLD,15349481,4.57E+11,0.92,1.176,24.11,30.808,43.54,55.635,0.1,0.128,3.97,5.073,5.38,6.875,0,0,0.24,0.307
Netherlands,1995,NLD,15446670,4.74E+11,1,1.253,27.4,34.344,42.01,52.657,0.09,0.113,4.02,5.039,4.94,6.192,0,0,0.32,0.401
Netherlands,1996,NLD,15538617,4.94E+11,1.3,1.546,25.82,30.713,47.08,56.001,0.08,0.095,4.16,4.948,5.19,6.173,0,0,0.44,0.523
Netherlands,1997,NLD,15629912,5.18E+11,1.45,1.704,24.44,28.719,50.66,59.53,0.09,0.106,2.41,2.832,5.58,6.557,0,0,0.47,0.552
Netherlands,1998,NLD,15722601,5.45E+11,1.57,1.756,26.43,29.567,51.06,57.12,0.11,0.123,3.81,4.262,5.77,6.455,0,0,0.64,0.716
Netherlands,1999,NLD,15812491,5.76E+11,1.77,2.078,21.92,25.74,51.15,60.063,0.09,0.106,3.83,4.497,5.75,6.752,0.01,0.012,0.64,0.752
Netherlands,2000,NLD,15899138,6.04E+11,1.99,2.26,24.28,27.572,51.52,58.506,0.14,0.159,3.93,4.463,5.36,6.087,0.01,0.011,0.83,0.943
Netherlands,2001,NLD,15981630,6.2E+11,2.35,2.55,25.48,27.654,53.77,58.357,0.12,0.13,3.98,4.32,5.6,6.078,0.01,0.011,0.83,0.901
Netherlands,2002,NLD,16057042,6.24E+11,2.9,3.064,25.99,27.462,55.28,58.411,0.11,0.116,3.91,4.131,5.48,5.79,0.02,0.021,0.95,1.004
Netherlands,2003,NLD,16127574,6.3E+11,2.54,2.661,26.57,27.831,55.02,57.631,0.07,0.073,4.02,4.211,5.9,6.18,0.03,0.031,1.32,1.383
Netherlands,2004,NLD,16196036,6.46E+11,3.31,3.316,24.95,24.995,59.99,60.098,0.09,0.09,3.82,3.827,5.76,5.77,0.03,0.03,1.87,1.873
Netherlands,2005,NLD,16261834,6.64E+11,5.26,5.338,23.5,23.851,57.6,58.459,0.09,0.091,4,4.06,5.97,6.059,0.04,0.041,2.07,2.101
Netherlands,2006,NLD,16325679,6.91E+11,5.17,5.301,23.74,24.344,57.14,58.593,0.11,0.113,3.47,3.558,5.11,5.24,0.04,0.041,2.74,2.81
Netherlands,2007,NLD,16391232,7.21E+11,4,3.858,24.92,24.035,61.01,58.845,0.11,0.106,4.2,4.051,5.96,5.748,0.04,0.039,3.44,3.318
Netherlands,2008,NLD,16460775,7.38E+11,5.13,4.83,23.48,22.107,63.36,59.655,0.1,0.094,4.17,3.926,5.67,5.338,0.04,0.038,4.26,4.011
Netherlands,2009,NLD,16536200,7.14E+11,6.11,5.438,24.28,21.611,68.87,61.3,0.1,0.089,4.25,3.783,4.12,3.667,0.04,0.036,4.58,4.077
Netherlands,2010,NLD,16617121,7.28E+11,7.04,5.961,22.59,19.128,75.33,63.785,0.1,0.085,3.97,3.362,5.02,4.251,0.06,0.051,3.99,3.378
Netherlands,2011,NLD,16701470,7.45E+11,7.06,6.268,21.39,18.99,69.47,61.674,0.06,0.053,4.14,3.675,5.32,4.723,0.1,0.089,5.1,4.528
Netherlands,2012,NLD,16785296,7.37E+11,7.2,7.04,24.21,23.673,56.56,55.305,0.1,0.098,3.91,3.823,5.12,5.006,0.19,0.186,4.98,4.869
Netherlands,2013,NLD,16867352,7.36E+11,5.95,5.917,24.61,24.473,56.07,55.758,0.11,0.109,2.89,2.874,4.89,4.863,0.41,0.408,5.63,5.599
Netherlands,2014,NLD,16954080,7.46E+11,5.01,4.907,29.49,28.883,51.52,50.46,0.11,0.108,4.09,4.006,5.35,5.24,0.73,0.715,5.8,5.681
Netherlands,2015,NLD,17041110,7.61E+11,4.94,4.533,39.39,36.141,45.81,42.031,0.09,0.083,4.08,3.743,6.02,5.523,1.11,1.018,7.55,6.927
Netherlands,2016,NLD,17124512,7.78E+11,4.91,4.309,36.82,32.31,52.53,46.095,0.1,0.088,3.96,3.475,5.87,5.151,1.6,1.404,8.17,7.169
Netherlands,2017,NLD,17207204,8E+11,4.6,3.964,31.38,27.042,57.73,49.75,0.06,0.052,3.4,2.93,6.1,5.257,2.2,1.896,10.57,9.109
Netherlands,2018,NLD,17286042,8.19E+11,4.55,4.023,27.58,24.385,57.63,50.955,0.07,0.062,3.51,3.103,5.5,4.863,3.71,3.28,10.55,9.328
Netherlands,2019,NLD,17363260,8.35E+11,5.82,4.848,17.69,14.736,70.72,58.909,0.07,0.058,3.91,3.257,4.93,4.107,5.4,4.498,11.51,9.588
Netherlands,2020,NLD,17434562,8.03E+11,8.84,7.248,7.62,6.248,72.52,59.462,0.05,0.041,4.09,3.354,5,4.1,8.57,7.027,15.27,12.52
Netherlands,2021,NLD,17501696,8.42E+11,10.92,9.043,14.6,12.09,56.69,46.944,0.09,0.075,3.83,3.172,5.33,4.414,11.3,9.357,18,14.906
Netherlands,2022,NLD,17564020,8.8E+11,9.79,8.139,14.8,12.305,47.75,39.699,0.05,0.042,4.16,3.459,5.16,4.29,17.08,14.2,21.49,17.867
Norway,1990,NOR,4241637,1.25E+11,0.21,0.173,0.04,0.033,0,0,121.14,99.622,0,0,0.21,0.173,0,0,0,0
Norway,1991,NOR,4261886,1.33E+11,0.21,0.19,0.05,0.045,0,0,110.13,99.611,0,0,0.17,0.154,0,0,0,0
Norway,1992,NOR,4286560,1.42E+11,0.23,0.196,0.05,0.043,0,0,116.67,99.624,0,0,0.16,0.137,0,0,0,0
Norway,1993,NOR,4312138,1.5E+11,0.24,0.2,0.05,0.042,0.01,0.008,119.23,99.591,0,0,0.18,0.15,0,0,0.01,0.008
Norway,1994,NOR,4336745,1.63E+11,0.27,0.24,0.06,0.053,0.15,0.134,111.64,99.395,0,0,0.19,0.169,0,0,0.01,0.009
Norway,1995,NOR,4359327,1.75E+11,0.29,0.237,0.06,0.049,0.19,0.155,121.53,99.411,0,0,0.17,0.139,0,0,0.01,0.008
Norway,1996,NOR,4381511,1.89E+11,0.3,0.287,0.05,0.048,0.28,0.267,103.86,99.207,0,0,0.19,0.181,0,0,0.01,0.01
Norway,1997,NOR,4405334,2.05E+11,0.24,0.217,0.04,0.036,0.24,0.217,109.78,99.348,0,0,0.19,0.172,0,0,0.01,0.009
Norway,1998,NOR,4431672,2.17E+11,0.27,0.232,0.04,0.034,0.22,0.189,115.7,99.382,0,0,0.18,0.155,0,0,0.01,0.009
Norway,1999,NOR,4462148,2.28E+11,0.27,0.221,0.04,0.033,0.28,0.229,121.45,99.313,0,0,0.22,0.18,0,0,0.03,0.025
Norway,2000,NOR,4491204,2.43E+11,0.26,0.182,0.04,0.028,0.21,0.147,141.82,99.509,0,0,0.16,0.112,0,0,0.03,0.021
Norway,2001,NOR,4514019,2.55E+11,0.25,0.206,0.04,0.033,0.24,0.198,120.46,99.291,0,0,0.3,0.247,0,0,0.03,0.025
Norway,2002,NOR,4538435,2.67E+11,0.25,0.192,0.04,0.031,0.2,0.154,129.37,99.332,0,0,0.3,0.23,0,0,0.08,0.061
Norway,2003,NOR,4565167,2.78E+11,0.33,0.309,0.04,0.037,0.3,0.281,105.48,98.884,0,0,0.3,0.281,0,0,0.22,0.206
Norway,2004,NOR,4592284,2.98E+11,0.36,0.327,0.04,0.036,0.37,0.336,108.78,98.801,0,0,0.3,0.272,0,0,0.25,0.227
Norway,2005,NOR,4623691,3.15E+11,0.33,0.24,0.04,0.029,0.38,0.277,135.69,98.863,0,0,0.31,0.226,0,0,0.5,0.364
Norway,2006,NOR,4661081,3.32E+11,0.39,0.322,0.04,0.033,0.47,0.388,119.37,98.474,0,0,0.31,0.256,0,0,0.64,0.528
Norway,2007,NOR,4709582,3.53E+11,0.39,0.287,0.04,0.029,0.76,0.558,133.66,98.2,0,0,0.37,0.272,0,0,0.89,0.654
Norway,2008,NOR,4768654,3.65E+11,0.4,0.283,0.04,0.028,0.44,0.312,139.04,98.477,0,0,0.36,0.255,0,0,0.91,0.645
Norway,2009,NOR,4829195,3.7E+11,0.23,0.176,0.04,0.031,4.23,3.23,125.28,95.655,0,0,0.22,0.168,0,0,0.97,0.741
Norway,2010,NOR,4889747,3.84E+11,0.35,0.284,0.04,0.032,4.8,3.898,116.74,94.803,0,0,0.34,0.276,0,0,0.87,0.707
Norway,2011,NOR,4953565,3.99E+11,0.34,0.27,0.04,0.032,3.71,2.946,120.28,95.513,0,0,0.27,0.214,0,0,1.29,1.024
Norway,2012,NOR,5019058,4.1E+11,0.33,0.226,0.04,0.027,2.24,1.532,141.72,96.949,0,0,0.31,0.212,0,0,1.54,1.053
Norway,2013,NOR,5080667,4.14E+11,0.4,0.3,0.04,0.03,2.07,1.555,128.14,96.245,0,0,0.61,0.458,0,0,1.88,1.412
Norway,2014,NOR,5137926,4.23E+11,0.25,0.177,0.04,0.028,2.22,1.576,135.47,96.16,0,0,0.68,0.483,0,0,2.22,1.576
Norway,2015,NOR,5190357,4.31E+11,0.25,0.175,0.04,0.028,2.2,1.538,137.3,96.014,0,0,0.69,0.483,0,0,2.52,1.762
Norway,2016,NOR,5236591,4.36E+11,0.23,0.155,0.04,0.027,2.21,1.493,142.81,96.474,0,0,0.63,0.426,0,0,2.11,1.425
Norway,2017,NOR,5277396,4.47E+11,0.26,0.175,0.04,0.027,2.06,1.389,142.37,96.021,0,0,0.69,0.465,0,0,2.85,1.922
Norway,2018,NOR,5312321,4.5E+11,0.2,0.137,0.04,0.027,2.18,1.494,138.98,95.231,0,0,0.67,0.459,0,0,3.87,2.652
Norway,2019,NOR,5348285,4.55E+11,0.25,0.187,0.04,0.03,2.06,1.539,125.29,93.619,0,0,0.66,0.493,0.01,0.007,5.52,4.125
Norway,2020,NOR,5379836,4.49E+11,0.24,0.156,0.04,0.026,1.61,1.043,141.8,91.887,0,0,0.64,0.415,0.08,0.052,9.91,6.422
Norway,2021,NOR,5403021,4.67E+11,0.22,0.14,0.04,0.025,0.31,0.197,143.97,91.625,0,0,0.72,0.458,0.11,0.07,11.76,7.484
Norway,2022,NOR,5434324,4.82E+11,0.24,0.164,0.04,0.027,1.15,0.785,128.24,87.524,0,0,0.78,0.532,0.17,0.116,15.9,10.852
Peru,2000,PER,26654440,1.29E+11,0.16,0.803,0.35,1.757,0.79,3.966,16.17,81.175,0,0,2.45,12.299,0,0,0,0
Peru,2001,PER,27014912,1.3E+11,0.16,0.77,0.31,1.493,0.87,4.189,17.61,84.786,0,0,1.82,8.763,0,0,0,0
Peru,2002,PER,27334510,1.38E+11,0.19,0.864,0.78,3.547,1.1,5.002,18.04,82.037,0,0,1.88,8.549,0,0,0,0
Peru,2003,PER,27623344,1.45E+11,0.2,0.872,0.77,3.358,1.32,5.757,18.53,80.811,0,0,2.11,9.202,0,0,0,0
Peru,2004,PER,27893914,1.53E+11,0.15,0.619,0.92,3.794,2.33,9.608,17.52,72.247,0,0,3.33,13.732,0,0,0,0
Peru,2005,PER,28147260,1.63E+11,0.35,1.373,0.8,3.137,4.55,17.843,18.08,70.902,0,0,1.72,6.745,0,0,0,0
Peru,2006,PER,28381080,1.77E+11,0.35,1.279,0.82,2.997,4.83,17.654,19.7,72.003,0,0,1.66,6.067,0,0,0,0
Peru,2007,PER,28600380,1.93E+11,0.42,1.403,0.85,2.84,8.22,27.464,19.55,65.319,0,0,0.89,2.974,0,0,0,0
Peru,2008,PER,28806184,2.11E+11,0.46,1.418,0.88,2.714,10.11,31.175,19.04,58.711,0,0,1.94,5.982,0,0,0,0
Peru,2009,PER,29009326,2.13E+11,0.46,1.397,0.78,2.369,10.43,31.683,19.49,59.204,0,0,1.76,5.346,0,0,0,0
Peru,2010,PER,29229576,2.3E+11,0.67,1.867,0.85,2.368,12.23,34.076,20.04,55.837,0,0,2.1,5.851,0,0,0,0
Peru,2011,PER,29477722,2.45E+11,0.68,1.733,0.62,1.58,13.99,35.661,21.59,55.034,0,0,2.35,5.99,0,0,0,0
Peru,2012,PER,29749592,2.6E+11,0.67,1.677,1.29,3.228,15.65,39.164,21.35,53.428,0,0,0.94,2.352,0.06,0.15,0,0
Peru,2013,PER,30038810,2.75E+11,0.96,2.206,1.22,2.804,18.06,41.508,22.31,51.276,0,0,0.76,1.747,0.2,0.46,0,0
Peru,2014,PER,30353956,2.81E+11,1.29,2.821,0.33,0.722,20.89,45.681,22.2,48.546,0,0,0.56,1.225,0.2,0.437,0.26,0.569
Peru,2015,PER,30711864,2.91E+11,0.91,1.885,0.41,0.849,21.73,45.018,23.71,49.12,0,0,0.68,1.409,0.23,0.476,0.6,1.243
Peru,2016,PER,31132776,3.02E+11,0.56,1.085,0.99,1.917,23.56,45.632,24.16,46.794,0,0,1.06,2.053,0.24,0.465,1.06,2.053
Peru,2017,PER,31605488,3.1E+11,0.47,0.892,0.76,1.442,19.87,37.697,29.06,55.132,0,0,1.19,2.258,0.29,0.55,1.07,2.03
Peru,2018,PER,32203946,3.22E+11,0.42,0.764,0.13,0.237,20.68,37.634,30.72,55.905,0,0,0.75,1.365,0.75,1.365,1.5,2.73
Peru,2019,PER,32824864,3.29E+11,0.55,0.965,0.16,0.281,21.73,38.109,31.45,55.156,0,0,0.7,1.228,0.78,1.368,1.65,2.894
Peru,2020,PER,33304768,2.93E+11,0.54,1.023,0.13,0.246,18.67,35.38,30.5,57.798,0,0,0.33,0.625,0.79,1.497,1.81,3.43
Peru,2021,PER,33715464,3.33E+11,0.58,1.022,0.15,0.264,21.17,37.291,31.89,56.174,0,0,0.36,0.634,0.8,1.409,1.82,3.206
Peru,2022,PER,34049588,3.42E+11,0.6,1.041,0.15,0.26,21.75,37.734,32.14,55.76,0,0,0.37,0.642,0.82,1.423,1.81,3.14
South Africa,2000,ZAF,46813272,3.56E+11,0.48,0.228,196.07,93.07,0,0,1.1,0.522,13.01,6.176,0,0,0.01,0.005,0,0
South Africa,2001,ZAF,47229712,3.75E+11,0.42,0.2,197.23,93.874,0,0,1.72,0.819,10.72,5.102,0,0,0.01,0.005,0,0
South Africa,2002,ZAF,47661516,3.96E+11,0.46,0.209,206.03,93.408,0,0,2.08,0.943,11.99,5.436,0,0,0.01,0.005,0,0
South Africa,2003,ZAF,48104044,4.14E+11,0.41,0.175,220.31,94.057,0,0,0.83,0.354,12.66,5.405,0,0,0.01,0.004,0.01,0.004
South Africa,2004,ZAF,48556064,4.39E+11,0.38,0.155,229.88,93.978,0,0,0.95,0.388,13.37,5.466,0,0,0.02,0.008,0.01,0.004
South Africa,2005,ZAF,49017156,4.7E+11,0.43,0.176,231.76,94.623,0.09,0.037,1.33,0.543,11.29,4.609,0,0,0.02,0.008,0.01,0.004
South Africa,2006,ZAF,49491764,5.06E+11,0.41,0.162,240.42,94.724,0.02,0.008,2.9,1.143,10.03,3.952,0,0,0.02,0.008,0.01,0.004
South Africa,2007,ZAF,49996096,5.43E+11,0.43,0.163,247.58,93.962,0.09,0.034,2.87,1.089,11.32,4.296,1.17,0.444,0.02,0.008,0.01,0.004
South Africa,2008,ZAF,50565816,5.72E+11,0.46,0.178,243.3,94.196,0.09,0.035,1.26,0.488,13,5.033,0.14,0.054,0.02,0.008,0.02,0.008
South Africa,2009,ZAF,51170780,5.75E+11,0.45,0.18,234.74,94.062,0.01,0.004,1.45,0.581,12.81,5.133,0.05,0.02,0.02,0.008,0.03,0.012
South Africa,2010,ZAF,51784928,6.08E+11,0.4,0.154,243.45,93.779,0.82,0.316,1.14,0.439,13.53,5.212,0.2,0.077,0.03,0.012,0.03,0.012
South Africa,2011,ZAF,52443320,6.45E+11,0.41,0.156,244.44,93.106,0.89,0.339,3.06,1.166,12.9,4.914,0.72,0.274,0.08,0.03,0.04,0.015
South Africa,2012,ZAF,53145036,6.61E+11,0.42,0.163,239.68,92.924,1.78,0.69,1.02,0.395,12.97,5.028,1.93,0.748,0.09,0.035,0.04,0.016
South Africa,2013,ZAF,53873608,6.77E+11,0.48,0.187,233.49,91.157,3.02,1.179,1.1,0.429,14.11,5.509,3.66,1.429,0.24,0.094,0.04,0.016
South Africa,2014,ZAF,54729556,6.87E+11,0.36,0.141,229.77,90.191,3.14,1.233,1.8,0.707,13.79,5.413,3.76,1.476,1.07,0.42,1.07,0.42
South Africa,2015,ZAF,55876504,6.96E+11,0.32,0.128,227.3,90.775,0,0,0.73,0.292,12.24,4.888,3.99,1.593,2.75,1.098,3.07,1.226
South Africa,2016,ZAF,56422272,7.01E+11,0.33,0.13,229.58,90.718,0,0,0.62,0.245,15.03,5.939,0.03,0.012,3.27,1.292,4.21,1.664
South Africa,2017,ZAF,56641208,7.09E+11,0.39,0.153,228.7,89.532,0,0,0.78,0.305,14.19,5.555,0.12,0.047,4.24,1.66,7.02,2.748
South Africa,2018,ZAF,57339632,7.19E+11,0.43,0.168,231.01,90.122,0,0,1.1,0.429,11.58,4.518,1.23,0.48,4.57,1.783,6.41,2.501
South Africa,2019,ZAF,58087060,7.22E+11,0.43,0.17,225.26,89.187,0,0,0.74,0.293,13.25,5.246,1.36,0.538,4.9,1.94,6.63,2.625
South Africa,2020,ZAF,58801928,6.76E+11,0.43,0.18,214.06,89.393,0,0,1.47,0.614,9.9,4.134,1.49,0.622,5.7,2.38,6.41,2.677
South Africa,2021,ZAF,59392256,7.09E+11,0.43,0.176,210.81,86.288,0,0,2.02,0.827,12.35,5.055,3.27,1.338,6.78,2.775,8.65,3.541
South Africa,2022,ZAF,59893884,7.24E+11,0.43,0.18,201.57,84.441,0,0,3.1,1.299,10.1,4.231,3.68,1.542,10.13,4.244,9.7,4.064
Spain,1990,ESP,38889888,7.56E+11,0.54,0.357,59.74,39.521,1.51,0.999,25.47,16.85,54.27,35.902,9.61,6.358,0.01,0.007,0.01,0.007
Spain,1991,ESP,38997064,7.87E+11,0.54,0.349,58.8,38.007,1.36,0.879,27.25,17.614,55.58,35.925,11.16,7.213,0.01,0.006,0.01,0.006
Spain,1992,ESP,39202248,8.03E+11,0.57,0.364,64.22,40.996,1.71,1.092,18.92,12.078,55.78,35.608,15.34,9.793,0.01,0.006,0.1,0.064
Spain,1993,ESP,39420540,7.94E+11,0.58,0.374,62.42,40.24,1.2,0.774,24.42,15.743,56.06,36.14,10.31,6.646,0.01,0.006,0.12,0.077
Spain,1994,ESP,39623732,8.2E+11,0.64,0.4,61.57,38.436,3.24,2.023,28.24,17.629,55.31,34.528,11.01,6.873,0.01,0.006,0.17,0.106
Spain,1995,ESP,39814568,8.55E+11,1.01,0.612,65.91,39.929,3.75,2.272,23.08,13.982,55.46,33.598,15.57,9.432,0.02,0.012,0.27,0.164
Spain,1996,ESP,39996476,8.85E+11,1.08,0.624,53.94,31.141,6.79,3.92,39.79,22.972,56.33,32.521,14.9,8.602,0.02,0.012,0.36,0.208
Spain,1997,ESP,40180048,9.26E+11,1.46,0.772,62.67,33.136,18.17,9.607,34.75,18.374,55.3,29.239,16.02,8.47,0.02,0.011,0.74,0.391
Spain,1998,ESP,40362356,9.77E+11,1.53,0.791,61.58,31.842,16.21,8.382,33.99,17.576,58.99,30.503,19.72,10.197,0.02,0.01,1.35,0.698
Spain,1999,ESP,40542232,1.03E+12,1.62,0.788,73.61,35.797,19.06,9.269,22.82,11.098,58.85,28.619,26.9,13.082,0.03,0.015,2.74,1.332
Spain,2000,ESP,40741652,1.1E+12,1.49,0.674,79.09,35.8,20.18,9.135,28.26,12.792,62.21,28.16,24.95,11.294,0.01,0.005,4.73,2.141
Spain,2001,ESP,40966448,1.15E+12,1.63,0.699,70.27,30.15,23.36,10.023,40.89,17.544,63.71,27.335,26.43,11.34,0.02,0.009,6.76,2.9
Spain,2002,ESP,41477652,1.19E+12,2.59,1.08,81.18,33.838,32.39,13.501,21.22,8.845,63.02,26.268,30.15,12.567,0.02,0.008,9.34,3.893
Spain,2003,ESP,42230268,1.24E+12,3.18,1.236,74.73,29.044,39.37,15.301,40.48,15.733,61.88,24.05,25.57,9.938,0.02,0.008,12.07,4.691
Spain,2004,ESP,42959672,1.29E+12,3.33,1.204,79.1,28.596,55.46,20.05,31.08,11.236,63.61,22.996,28.31,10.235,0.02,0.007,15.7,5.676
Spain,2005,ESP,43685372,1.35E+12,2.65,0.915,79.06,27.313,79.01,27.296,18.39,6.353,57.54,19.878,31.58,10.91,0.05,0.017,21.18,7.317
Spain,2006,ESP,44422824,1.42E+12,2.77,0.937,66.74,22.579,90.57,30.64,25.96,8.782,60.13,20.342,26,8.796,0.12,0.041,23.3,7.883
Spain,2007,ESP,45245784,1.48E+12,2.9,0.961,72.8,24.117,94.8,31.405,27.31,9.047,55.1,18.253,20.86,6.91,0.52,0.172,27.57,9.133
Spain,2008,ESP,45966544,1.51E+12,3.26,1.052,48.71,15.724,120.8,38.994,23.36,7.541,58.97,19.035,19.16,6.185,2.58,0.833,32.95,10.636
Spain,2009,ESP,46367772,1.47E+12,3.49,1.2,35.91,12.352,107.75,37.063,26.41,9.084,52.76,18.148,20.22,6.955,6.06,2.084,38.12,13.112
Spain,2010,ESP,46572776,1.48E+12,4.01,1.347,25.33,8.506,94.85,31.85,42.3,14.204,61.99,20.816,17.86,5.997,7.19,2.414,44.27,14.866
Spain,2011,ESP,46729232,1.48E+12,4.61,1.581,43.98,15.085,85.51,29.33,30.6,10.496,57.72,19.798,16.8,5.763,9.4,3.224,42.92,14.722
Spain,2012,ESP,46756084,1.43E+12,4.98,1.694,55.07,18.734,73.31,24.94,20.55,6.991,61.47,20.912,17.13,5.828,11.97,4.072,49.47,16.829
Spain,2013,ESP,46603460,1.41E+12,5.8,2.061,39.94,14.19,57.54,20.443,36.87,13.1,56.73,20.156,15.84,5.628,13.1,4.654,55.64,19.768
Spain,2014,ESP,46464548,1.43E+12,5.41,1.971,43.81,15.963,47.27,17.224,39.17,14.273,57.31,20.883,15.79,5.754,13.67,4.981,52.01,18.951
Spain,2015,ESP,46431344,1.49E+12,5.76,2.078,51.37,18.534,52.5,18.941,28.14,10.153,57.2,20.637,19.02,6.862,13.86,5.001,49.32,17.794
Spain,2016,ESP,46473320,1.53E+12,5.69,2.102,36.43,13.458,52.83,19.516,36.4,13.447,58.63,21.659,18.18,6.716,13.64,5.039,48.9,18.064
Spain,2017,ESP,46584168,1.58E+12,6.08,2.232,45.13,16.569,64.04,23.511,18.32,6.726,58.04,21.308,17.24,6.329,14.4,5.287,49.13,18.037
Spain,2018,ESP,46792044,1.62E+12,5.91,2.178,37.34,13.758,58,21.371,34.33,12.649,55.77,20.549,16.42,6.05,12.74,4.694,50.89,18.751
Spain,2019,ESP,47131372,1.65E+12,5.57,2.059,12.86,4.754,83.71,30.944,24.65,9.112,58.35,21.57,14.61,5.401,15.1,5.582,55.65,20.571
Spain,2020,ESP,47363808,1.46E+12,6.14,2.366,5.52,2.127,69.74,26.878,30.51,11.759,58.3,22.469,12.12,4.671,20.67,7.966,56.44,21.752
Spain,2021,ESP,47486932,1.54E+12,6.94,2.563,4.86,1.795,71.5,26.408,29.63,10.944,56.56,20.89,12.08,4.462,27.1,10.009,62.06,22.922
Spain,2022,ESP,47558632,1.63E+12,6.8,2.375,7.86,2.746,86.1,30.077,17.59,6.145,58.59,20.467,11.69,4.084,35.72,12.478,61.9,21.623
United Kingdom,1990,GBR,57210444,1.51E+12,0.6,0.188,206.44,64.563,5,1.564,5.12,1.601,65.75,20.563,36.83,11.518,0,0,0.01,0.003
United Kingdom,1991,GBR,57359452,1.49E+12,0.69,0.214,211.46,65.492,5.82,1.803,4.54,1.406,70.54,21.847,29.82,9.236,0,0,0.01,0.003
United Kingdom,1992,GBR,57509240,1.49E+12,0.93,0.29,193.64,60.316,12.58,3.919,5.35,1.666,76.81,23.925,31.7,9.874,0,0,0.03,0.009
United Kingdom,1993,GBR,57647464,1.53E+12,1.2,0.371,171.25,53.001,34.04,10.535,4.3,1.331,89.35,27.653,22.75,7.041,0,0,0.22,0.068
United Kingdom,1994,GBR,57785900,1.59E+12,1.52,0.465,161.34,49.406,53.26,16.309,5.12,1.568,88.28,27.033,16.7,5.114,0,0,0.34,0.104
United Kingdom,1995,GBR,57930364,1.62E+12,1.64,0.486,155.21,45.999,63.74,18.89,4.65,1.378,88.96,26.365,22.83,6.766,0,0,0.39,0.116
United Kingdom,1996,GBR,58078584,1.66E+12,1.8,0.513,147.27,41.973,84.09,23.966,3.4,0.969,94.67,26.982,19.15,5.458,0,0,0.49,0.14
United Kingdom,1997,GBR,58250192,1.71E+12,2.11,0.602,121.97,34.782,110.96,31.642,4.4,1.255,98.15,27.989,12.41,3.539,0,0,0.67,0.191
United Kingdom,1998,GBR,58438320,1.77E+12,2.65,0.731,122.97,33.903,117.8,32.478,5.12,1.412,99.49,27.43,13.8,3.805,0,0,0.88,0.243
United Kingdom,1999,GBR,58635204,1.82E+12,3.43,0.932,106.18,28.842,142.9,38.816,5.34,1.45,95.13,25.84,14.32,3.89,0,0,0.85,0.231
United Kingdom,2000,GBR,58850044,1.89E+12,3.88,1.029,119.95,31.812,148.08,39.272,5.09,1.35,85.06,22.559,14.06,3.729,0,0,0.94,0.249
United Kingdom,2001,GBR,59092016,1.94E+12,4.53,1.177,131.46,34.166,141.91,36.882,4.05,1.053,90.09,23.414,11.77,3.059,0,0,0.96,0.249
United Kingdom,2002,GBR,59355688,1.98E+12,5.08,1.312,124.28,32.094,152.28,39.324,4.79,1.237,87.85,22.686,11.71,3.024,0,0,1.25,0.323
United Kingdom,2003,GBR,59649800,2.05E+12,6.17,1.549,138.46,34.771,148.88,37.387,3.23,0.811,88.69,22.272,11.49,2.885,0,0,1.29,0.324
United Kingdom,2004,GBR,59995852,2.1E+12,7.36,1.868,131.79,33.456,157.06,39.871,4.84,1.229,80,20.309,10.93,2.775,0,0,1.94,0.492
United Kingdom,2005,GBR,60383740,2.16E+12,9.1,2.284,134.64,33.799,152.64,38.318,4.92,1.235,81.62,20.49,12.52,3.143,0.01,0.003,2.9,0.728
United Kingdom,2006,GBR,60803700,2.21E+12,9.28,2.336,148.85,37.468,140.83,35.449,4.59,1.155,75.45,18.992,14.04,3.534,0.01,0.003,4.22,1.062
United Kingdom,2007,GBR,61260680,2.27E+12,9.32,2.349,135.94,34.258,165.79,41.781,5.08,1.28,63.03,15.884,12.37,3.117,0.01,0.003,5.27,1.328
United Kingdom,2008,GBR,61742152,2.25E+12,9.65,2.481,124.38,31.978,176.22,45.305,5.14,1.321,52.49,13.495,13.93,3.581,0.02,0.005,7.13,1.833
United Kingdom,2009,GBR,62243384,2.15E+12,10.71,2.843,103.04,27.349,166.5,44.193,5.23,1.388,69.1,18.341,12.88,3.419,0.02,0.005,9.28,2.463
United Kingdom,2010,GBR,62760048,2.19E+12,12.26,3.209,107.59,28.16,175.65,45.974,3.59,0.94,62.14,16.264,10.5,2.748,0.04,0.01,10.29,2.693
United Kingdom,2011,GBR,63286360,2.22E+12,13.31,3.617,108.44,29.47,146.5,39.813,5.69,1.546,68.98,18.746,8.85,2.405,0.24,0.065,15.96,4.337
United Kingdom,2012,GBR,63808728,2.26E+12,14.74,4.051,142.79,39.242,100.17,27.529,5.31,1.459,70.41,19.35,9.26,2.545,1.35,0.371,19.84,5.452
United Kingdom,2013,GBR,64302296,2.3E+12,18.1,5.052,130.26,36.357,95.84,26.75,4.7,1.312,70.61,19.708,8.36,2.333,2.01,0.561,28.4,7.927
United Kingdom,2014,GBR,64773504,2.37E+12,22.62,6.691,100.24,29.65,100.89,29.842,5.89,1.742,63.75,18.856,8.69,2.57,4.05,1.198,31.95,9.45
United Kingdom,2015,GBR,65224368,2.43E+12,29.26,8.635,75.88,22.392,99.88,29.474,6.3,1.859,70.34,20.757,9.41,2.777,7.53,2.222,40.27,11.884
United Kingdom,2016,GBR,65655204,2.48E+12,30.07,8.865,30.67,9.042,143.13,42.199,5.37,1.583,71.73,21.148,10.64,3.137,10.41,3.069,37.16,10.956
United Kingdom,2017,GBR,66064808,2.54E+12,31.9,9.432,22.53,6.661,136.75,40.432,5.88,1.739,70.34,20.797,9.71,2.871,11.46,3.388,49.65,14.68
United Kingdom,2018,GBR,66432996,2.58E+12,34.98,10.513,16.83,5.058,131.49,39.519,5.44,1.635,65.06,19.553,9.34,2.807,12.67,3.808,56.91,17.104
United Kingdom,2019,GBR,66778660,2.62E+12,37.4,11.547,6.92,2.137,131.99,40.751,5.93,1.831,56.18,17.345,9.2,2.84,12.42,3.835,63.84,19.71
United Kingdom,2020,GBR,67059472,2.33E+12,39.36,12.615,5.49,1.76,111.42,35.709,6.86,2.199,50.28,16.114,10.33,3.311,12.9,4.134,75.38,24.159
United Kingdom,2021,GBR,67281040,2.51E+12,39.88,12.921,6.51,2.109,123.17,39.906,5.5,1.782,45.9,14.871,10.89,3.528,12.14,3.933,64.66,20.949
United Kingdom,2022,GBR,67508936,2.62E+12,35.45,10.871,5.57,1.708,125.3,38.425,5.32,1.631,47.72,14.634,12.55,3.849,13.92,4.269,80.26,24.613
United States,2000,USA,282398560,1.29E+13,60.73,1.597,1966.27,51.715,614.99,16.175,270.03,7.102,753.89,19.828,116.02,3.051,0.49,0.013,5.59,0.147
United States,2001,USA,285470496,1.31E+13,49.75,1.335,1903.96,51.078,639.13,17.146,208.14,5.584,768.83,20.626,135.59,3.637,0.54,0.014,6.74,0.181
United States,2002,USA,288350240,1.33E+13,53.71,1.397,1933.13,50.287,691.01,17.975,255.59,6.649,780.06,20.292,103.69,2.697,0.55,0.014,10.35,0.269
United States,2003,USA,291109824,1.37E+13,53.34,1.379,1973.74,51.015,649.91,16.798,267.27,6.908,763.73,19.74,132.38,3.422,0.53,0.014,11.19,0.289
United States,2004,USA,293947872,1.42E+13,53.54,1.355,1978.3,50.059,710.1,17.968,259.93,6.577,788.53,19.953,129.88,3.286,0.58,0.015,14.14,0.358
United States,2005,USA,296842656,1.47E+13,54.28,1.345,2012.87,49.885,760.96,18.859,263.76,6.537,781.99,19.38,126.13,3.126,0.55,0.014,17.81,0.441
United States,2006,USA,299753088,1.51E+13,54.86,1.356,1990.51,49.186,816.44,20.174,282.69,6.985,787.22,19.452,71.61,1.769,0.51,0.013,26.59,0.657
United States,2007,USA,302743392,1.53E+13,55.54,1.341,2016.46,48.677,896.59,21.643,240.61,5.808,806.42,19.467,75.19,1.815,0.61,0.015,34.45,0.832
United States,2008,USA,305694912,1.53E+13,55.03,1.34,1985.8,48.345,882.98,21.497,248.54,6.051,806.21,19.628,55.43,1.349,0.86,0.021,55.36,1.348
United States,2009,USA,308512032,1.49E+13,54.49,1.383,1755.9,44.568,920.98,23.376,268.82,6.823,798.85,20.276,48.53,1.232,0.89,0.023,73.89,1.875
United States,2010,USA,311182848,1.52E+13,56.09,1.363,1847.29,44.903,987.7,24.009,254.7,6.191,806.97,19.616,47.5,1.155,1.21,0.029,94.65,2.301
United States,2011,USA,313876608,1.55E+13,56.67,1.386,1733.43,42.394,1013.69,24.791,312.93,7.653,790.2,19.326,41.81,1.023,1.82,0.045,120.18,2.939
United States,2012,USA,316651328,1.58E+13,57.62,1.426,1514.04,37.47,1225.89,30.339,271.29,6.714,769.33,19.04,39.09,0.967,4.33,0.107,140.82,3.485
United States,2013,USA,319375168,1.61E+13,60.86,1.501,1581.11,38.986,1124.84,27.735,263.88,6.507,789.02,19.455,40.26,0.993,9.04,0.223,167.84,4.138
United States,2014,USA,322033952,1.65E+13,63.99,1.562,1581.71,38.616,1126.61,27.505,253.19,6.181,797.17,19.462,43.69,1.067,28.92,0.706,181.65,4.435
United States,2015,USA,324607776,1.69E+13,63.63,1.558,1352.4,33.115,1333.48,32.651,243.99,5.974,797.18,19.52,44.44,1.088,39.03,0.956,190.72,4.67
United States,2016,USA,327210208,1.72E+13,62.76,1.535,1239.15,30.315,1378.31,33.72,261.13,6.388,805.69,19.711,39.5,0.966,54.87,1.342,226.99,5.553
United States,2017,USA,329791232,1.76E+13,62.73,1.548,1205.84,29.757,1296.44,31.993,293.84,7.251,804.95,19.864,37.89,0.935,77.28,1.907,254.3,6.275
United States,2018,USA,332140032,1.81E+13,61.83,1.472,1149.49,27.359,1469.13,34.966,286.62,6.822,807.08,19.209,42.68,1.016,93.36,2.222,272.67,6.49
United States,2019,USA,334319680,1.85E+13,57.51,1.383,964.96,23.205,1585.81,38.135,282.61,6.796,809.41,19.465,37.44,0.9,106.89,2.57,295.88,7.115
United States,2020,USA,335942016,1.8E+13,54.7,1.353,773.39,19.128,1624.17,40.171,279.95,6.924,789.88,19.536,34.34,0.849,130.72,3.233,337.94,8.358
United States,2021,USA,336997632,1.91E+13,54.25,1.306,898,21.62,1579.19,38.02,246.47,5.934,779.65,18.77,35.2,0.847,164.42,3.958,378.2,9.105
United States,2022,USA,338289856,1.95E+13,51.85,1.209,831.51,19.396,1687.07,39.354,248.76,5.803,771.54,17.998,38.64,0.901,205.08,4.784,434.3,10.131
